Identifiant;Nom court;Nom long;Famille commerciale;Parcours principal aller (ID);Parcours principal retour (ID);Billettique (ID);Couleur de tracé de la ligne;Couleur de texte de la ligne
0006;C6;Cesson-Sévigné (Rigourdière) <> Rennes <> Saint-Jacques-de-la-Lande (Morinais);Chronostar;0006-A-2089-2201;0006-B-2201-2089;6;#61c3d9;#1a171b
0012;12;Saint-Grégoire (Grand Quartier) <> Rennes (La Poterie);Urbaine;0012-A-2853-1343;0012-B-1343-2853;12;#ba65a5;#ffffff
0034;34;Rennes (ZA Saint-Sulpice) <> Cesson-Sévigné <> Chantepie (Rosa Parks);Inter-quartiers;0034-A-1631-3028;0034-B-3028-1631;34;#fff164;#e2001a
0041;41ex;Cesson-Sévigné (Champs Blancs) <> Rennes (Gares);Express urbaine;0041-A-2126-1663;0041-B-1663-2127;41;#ffdd00;#3d3c3f
0063;63;Rennes (Gares) <> Bruz (Pont-Réan);Métropolitaine;0063-A-1575-2347;0063-B-2327-1575;;#8ca5d6;#1a171b
0076;76;Rennes (Lycée Basch) <> Vezin-le-Coquet <> Le Rheu <> Mordelles (Mordelles Pâtis);Métropolitaine;0076-A-1566-3851;0076-B-3851-1566;76;#61c3d9;#1a171b
0079;79;Rennes (Henri Fréville) <> Pont-Péan <> Laillé (Gingouillère);Métropolitaine;0079-A-1534-4708;0079-B-4708-1534;79;#61c3d9;#26171b
0082;82;Rennes (Villejean-Université) <> Romillé <> Langan <> La Chapelle-Chaussée <> Bécherel <> Miniac-sous-Bécherel (Miniac Eglise);Métropolitaine;0082-A-1497-4950;0082-B-4950-1497;82;#e4003a;#ffffff
0121;N1;Rennes (Clos Courtel) <> Rennes (Kennedy Guyenne);STAR de Nuit;0121-A-1660-1568;0121-B-1568-1660;121;#004f9e;#ffffff
0152;152ex;Rennes (Lycée Basch) <> Pacé <> Saint-Gilles (Ile des Bois);Express métropolitaine;0152-A-1566-3732;0152-B-3732-1566;152;#ffdd00;#3d3c3f
0155;155ex;Rennes (République) <> Mordelles (Mordelles Pâtis);Express métropolitaine;0155-A-1214-3851;0155-B-3851-1242;155;#ffdd00;#3d3c3f
0156;156ex;Rennes (République) <> Chavagne (Croix Blanche);Express métropolitaine;0156-A-1214-4201;0156-B-4201-1242;156;#ffdd00;#3d3c3f
0159;159ex;Bruz (Bruz Gare) <> Rennes (Henri Fréville);Express métropolitaine;0159-A-1564-2372;0159-B-2372-1564;159;#ffdd00;#3d3c3f
0167;167ex;Brécé (Anjou) <> Cesson-Sévigné <> Rennes (République);Express métropolitaine;0167-A-4151-1556;0167-B-1556-4151;167;#ffdd00;#3d3c3f
0202;202;Chevaigné (Pommiers) <> Betton <> Rennes (Assomption);Complémentaire;;;202;#009fe3;#ffffff
0212;212;Rennes (Coubertin) <> Noyal-Châtillon-sur-Seiche <> Saint Erblon (Champ Mulon);Complémentaire;;;212;#ba67a6;#ffffff
0232;232;Saint-Erblon (Leuzières) <> Orgères (Collège Récipon);Complémentaire;;;232;#94c11f;#ffffff
0236;236;Pacé (Collèges de Pacé) <> Parthenay-de-Bretagne <> Clayes (Clayes Centre);Complémentaire;;;236;#f29fc5;#1a171b
0237;237;Le Rheu (Collège Brassens) <> Chavagne (Croix Blanche);Complémentaire;;;237;#e30613;#ffffff
0240;240;Saint-Gilles (Ile des Bois) <> L'Hermitage <> Le Rheu (Lycée Monod);Complémentaire;;;240;#005bab;#ffffff
0402;Ts2;Saint-Erblon (Douazel) <> Bruz (Brossolette);Transport scolaire;;;99;#a85e24;#ffffff
0406;Ts6;Bruz (Aire du 8 Mai) <> Saint-Erblon <> Orgères <> Laillé (Montheleu);Transport scolaire;;;99;#f39200;#ffffff
0409;Ts9;Bruz (Aire du 8 Mai) <> Laillé (Couais);Transport scolaire;;;99;#13a0db;#ffffff
0412;Ts12;Bruz (Aire du 8 Mai) <> Laillé (Laillé Eglise);Transport scolaire;;;99;#3a4284;#ffffff
0432;Ts32;Saint-Gilles (Pont Harel) <> L'Hermitage <> Mordelles (Collège St-Yves);Transport scolaire;;;99;#e30613;#ffffff
0435;Ts35;Mordelles (Morvan Lebesque) <> Le Verger (Breil);Transport scolaire;;;99;#009fe3;#ffffff
0436;Ts36;Cintré (Pilais Barbais) <> Mordelles (Morvan Lebesque);Transport scolaire;;;99;#f39200;#ffffff
0471;Ts71;Romillé (Hatais Ville Greffier) <> Romillé (Romillé Collège);Transport scolaire;;;99;#e30613;#ffffff
0804;TTZ;Rennes <> Noyal-Châtillon-sur-Seiche (Touche Tizon);Spéciale;;;101;#009c99;#ffffff
0001;C1;Cesson-Sévigné (Champs Blancs) <> Rennes <> Chantepie (Rosa Parks);Chronostar;0001-A-2126-3028;0001-B-3028-2126;1;#95c11e;#1a171b
0002;C2;Saint-Grégoire (Champ Daguet) <> Rennes (Haut Sancé);Chronostar;0002-A-2844-1071;0002-B-1071-2844;2;#008bd2;#ffffff
0004;C4;Rennes (ZA Saint-Sulpice) <> Saint-Grégoire (Grand Quartier);Chronostar;0004-A-1630-2801;0004-B-2801-1630;4;#6f2282;#ffffff
0014;14;Rennes (Clos Courtel) <> Rennes (Stade Rennais);Urbaine;0014-A-1660-1222;0014-B-1234-1660;14;#a96f23;#ffffff
0031;31;Cesson-Sévigné (Base de Loisirs) <> Rennes (Villejean-Churchill);Inter-quartiers;0031-A-2088-1190;0031-B-1190-2088;31;#fff164;#e2001a
0036;36;Saint-Grégoire (Edonia) <> Rennes (Place Hoche);Inter-quartiers;0036-A-2851-1606;0036-B-1606-2859;36;#fff164;#e2001a
0037;37;Rennes (Henri Fréville) <> Saint-Jacques-de-la-Lande (Morinais);Inter-quartiers;0037-A-1647-2201-2231;0037-B-2201-1647-2225;37;#fff164;#e2001a
0038;38;Cesson-Sévigné (Monniais) <> Cesson-Sévigné (Ménouriais);Inter-quartiers;0038-A-2063-2107;0038-B-2107-2059;38;#f39200;#1a171b
0040;40ex;Rennes (Clos Courtel) <> Rennes (République);Express urbaine;0040-A-1660-1167;0040-B-1168-1660;40;#ffdd00;#3d3c3f
0044;44;Rennes (Joliot-Curie) <> Rennes (République);Express urbaine;0044-A-1618-1556;0044-B-1550-1619;44;#ffdd00;#3d3c3f
0050;50;Thorigné-Fouillard (Landelles) <> Rennes (République);Métropolitaine;0050-A-3301-1563;0050-B-1563-3301;50;#8ca5d6;#1a171b
0056;56;Rennes (Charles de Gaulle) <> Chavagne (Croix Blanche);Métropolitaine;0056-A-1595-4201;0056-B-4201-1595;56;#00893e;#ffffff
0064;64;Acigné (Timonière) <> Rennes (République);Métropolitaine;0064-A-4001-1167;0064-B-1167-4001;64;#008bd2;#ffffff
0070;70;Saint-Sulpice-la-Forêt (Cropy) <> Rennes (Place Hoche);Métropolitaine;0070-A-3951-1606;0070-B-1606-3951;70;#ef859d;#1a171b
0071;71;Chevaigné (Pommiers) <> Rennes (Place Hoche);Métropolitaine;0071-A-4604-1606;0071-B-1606-4603;71;#a96f23;#ffffff
0072;72;Rennes (Henri Fréville) <> Chartres-de-Bretagne <> Pont-Péan <> Laillé (Gingouillère);Métropolitaine;0072-A-1534-3901;0072-B-3901-1534;72;#004f9e;#ffffff
0075;75;Rennes (La Poterie) <> Vern-sur-Seiche <> Nouvoitou (Parc des Sports);Métropolitaine;0075-A-3401-1511;0075-B-1511-3401;75;#f39200;#201d21
0081;81;Rennes (Villejean-Université) <> Clayes <> Romillé (Romillé Collège);Métropolitaine;0081-A-1497-6000;0081-B-6000-1497;81;#008bd2;#ffffff
0091;91;Noyal-Châtillon-sur-Seiche (Petite Saudrais) <> Chartres-de-Bretagne <> Bruz (Pont-Réan / Cicé Blossac);Intercommunale;0091-A-2719-2306;0091-B-2306-2710;91;#aecc52;#1a171b
0094;94;Saint-Sulpice-la-Forêt (Cropy) <> Chevaigné <> Betton (Betton Centre);Intercommunale;0094-A-3951-2406;0094-B-2417-3951;94;#aecc52;#1a171b
0150;150ex;Thorigné-Fouillard (Landelles) <> Rennes (République);Express métropolitaine;0150-A-3301-1563;0150-B-1563-3301;150;#ffdd00;#3d3c3f
0151;151ex;Betton (Champ Devant) <> Rennes (Place Hoche);Express métropolitaine;0151-A-2401-1606;0151-B-1606-2401;151;#ffdd00;#3d3c3f
0154;154ex;Rennes (République) <> Le Rheu <> Cintré (Chêne Vert);Express métropolitaine;0154-A-1214-4652;0154-B-4652-1242;154;#ffdd00;#3d3c3f
0158;KL;Rennes (République) <> Bruz (Schuman);Express métropolitaine;0158-A-1501-2309;0158-B-2319-1615;158;#ffdd00;#3d3c3f
0211;211;Rennes (Collège Cleunay) <> Chavagne (Croix Blanche);Complémentaire;;;211;#702283;#ffffff
0214;214;Cesson-Sévigné (Lycée Ozanam) <> Rennes (La Poterie);Complémentaire;;;214;#94c11f;#ffffff
0223;223;Chevaigné (Pommiers) <> Betton <> Saint Grégoire (Jean-Paul II);Complémentaire;;;223;#94c11f;#ffffff
0224;224;Saint-Grégoire (Jean-Paul II) <> Montgermont <> La Chapelle-des-Fougeretz <> Gévezé (Cheval Blanc);Complémentaire;;;224;#009fe3;#ffffff
0227;227;Saint-Gilles (Ile des Bois) <> Vezin-le-Coquet <> Pacé (Collèges de Pacé);Complémentaire;;;227;#bca3ce;#ffffff
0228;228;La Chapelle-des-Fougeretz (Besneraie) <> Montgermont <> Rennes (Lycée Mendès France);Complémentaire;;;228;#71bf44;#1a171b
0229;229;Bruz (Anita Conti) <> Chavagne (Croix Blanche);Complémentaire;;;229;#fecc00;#1a171b
0239;239;Le Rheu (Lycée Monod) <> Mordelles (Mordelles Pâtis);Complémentaire;;;239;#f39200;#ffffff
0401;Ts1;Noyal-Châtillon-sur-Seiche (Noyal La Touche) <> Bruz (Aire du 8 Mai);Transport scolaire;;;99;#702283;#ffffff
0404;Ts4;Bourgbarré (La Fretais) <> Orgères <> Bruz (Anita Conti);Transport scolaire;;;99;#76b729;#ffffff
0442;Ts42;Pacé (Collèges de Pacé) <> Saint-Gilles (Ile des Bois);Transport scolaire;;;99;#ba67a6;#ffffff
0443;Ts43;Pacé (Collèges de Pacé) <> Saint-Gilles (Etang de la Motte);Transport scolaire;;;99;#fecc00;#1a171b
0445;Ts45;Gévezé (La Huchetais) <> Pacé (Collèges de Pacé);Transport scolaire;;;99;#e30613;#ffffff
0446;Ts46;Pacé (Bas Sommier) <> Vezin-le-Coquet <> Pacé (Collèges de Pacé);Transport scolaire;;;99;#009fe3;#ffffff
0454;Ts54;Saint-Erblon (Souillard) <> Orgères (Collège Récipon);Transport scolaire;;;99;#f39200;#ffffff
0456;Ts56;Orgères (Collège Récipon) <> Laillé (Couais);Transport scolaire;;;99;#ba67a6;#ffffff
0011;11;Rennes (La Poterie) <> Vezin-le-Coquet (ZI Ouest);Urbaine;0011-A-1533-3751;0011-B-3751-1533;11;#ef859d;#1a171b
0013;13;Chantepie (Cucé) <> Saint-Jacques-de-la-Lande (Gautrais) / Rennes (Cleunay);Urbaine;0013-A-3016-2220;0013-B-2220-3016;13;#6f2282;#ffffff
0055;55;Rennes (Charles de Gaulle) <> Mordelles <> Le Verger (Le Verger Eglise);Métropolitaine;0055-A-1567-4408;0055-B-4401-1567;55;#f39200;#1a171b
0057;57;Rennes (République) <> Saint-Jacques-de-la-Lande <> Bruz (Bruz Centre);Métropolitaine;0057-A-1501-2373;0057-B-2373-1615;57;#a96f23;#ffffff
0059;59;Rennes (Henri Fréville) <> Bruz (Bruz Gare);Métropolitaine;0059-A-1564-2372;0059-B-2372-1564;59;#ef859d;#1a171b
0068;68;Gévezé (Cheval Blanc) <> Rennes (Villejean-Université);Métropolitaine;0068-A-4507-1529;0068-B-1529-4507;68;#004f9e;#ffffff
0077;77;Rennes (Villejean-Université) <> Pacé (Pâtis Roussel);Métropolitaine;0077-A-1519-3125-3137;0077-B-3125-1519-3139;77;#f39200;#1a171b
0161;161ex;Rennes (Henri Fréville) <> Noyal-Châtillon-sur-Seiche <> Saint-Erblon <> Bourgbarré (Centre de Loisirs);Express métropolitaine;0161-A-1510-3801;0161-B-3801-1510;161;#ffdd00;#3d3c3f
0168;168ex;Gévezé (Cheval Blanc) <> Rennes (Villejean-Université);Express métropolitaine;0168-A-4507-1529;0168-B-1529-4507;168;#ffdd00;#3d3c3f
0172;172ex;Rennes (Henri Fréville) <> Chartres-de-Bretagne (Parc de Loisirs);Express métropolitaine;0172-A-1534-2927;0172-B-2911-1534;172;#ffdd00;#3d3c3f
0203;203;Rennes (Joliot-Curie) <> Rennes (Gares);Complémentaire;;;203;#f39200;#ffffff
0206;206;Cesson-Sévigné (Métairies Chalotais) <> Rennes (Joliot-Curie);Complémentaire;;;206;#fecc00;#1a171b
0207;207;Cesson-Sévigné (Lycée Ozanam) <> Rennes (Gares);Complémentaire;;;207;#ba67a6;#ffffff
0213;213;Rennes (Coubertin) <> Orgères <> Bourgbarré (Télégraphe);Complémentaire;;;213;#94c11f;#ffffff
0216;216;Cesson-Sévigné (Stade Dézerseul) <> Rennes (Joliot-Curie);Complémentaire;;;216;#f29fc5;#1a171b
0221;221;Cesson-Sévigné (Château de Vaux) <> Thorigné-Fouillard <> Cesson Sévigné (Lycée Sévigné);Complémentaire;;;221;#f39200;#ffffff
0225;225;Saint-Grégoire (Jean-Paul II) <> Pacé (Pie Neuve);Complémentaire;;;225;#e30613;#ffffff
0231;231;Bruz (Brossolette) <> Pont Péan <> Laillé (Gingouillère);Complémentaire;;;231;#e5006d;#ffffff
0234;234;Orgères (Collège Récipon) <> Laillé (Gingouillère);Complémentaire;;;234;#f29fc5;#1a171b
0235;235;Pont-Péan (Mouton Blanc) <> Orgères (L'Hermitière Village);Complémentaire;;;235;#fecc00;#1a171b
0238;238;Le Rheu (Collège Brassens) <> L'Hermitage <> La Chapelle-Thouarault (Ville aux Archers);Complémentaire;;;238;#ba67a6;#ffffff
0241;241;Chavagne (Croix Blanche) <> Mordelles (Collège St-Yves);Complémentaire;;;241;#71bf44;#1a171b
0243;243;Saint-Grégoire (Jean-Paul II) <> Montgermont <> Pacé (Pie Neuve);Complémentaire;;;243;#f7941d;#1a171b
0244;244;Chartres-de-Bretagne (Collège Fontenay) <> Pont-Péan (Bois Esnault);Complémentaire;;;244;#005bab;#ffffff
0408;Ts8;Bruz (Brossolette) <> Chavagne <> Mordelles (Mordelles Pâtis);Transport scolaire;;;99;#e30613;#ffffff
0410;Ts10;Bruz (Aire du 8 Mai) <> Laillé (Les Vallées);Transport scolaire;;;99;#e99d3a;#1a171b
0431;Ts31;Cintré (Saint Roch) <> Mordelles (Morvan Lebesque);Transport scolaire;;;99;#ffed00;#1a171b
0437;Ts37;La Chapelle-Thouarault (Eglise) <> Mordelles (Collège St-Yves);Transport scolaire;;;99;#4465ad;#ffffff
0444;Ts44;Gévezé (Abords Chrétiennais) <> Pacé (Collèges de Pacé);Transport scolaire;;;99;#96c11f;#ffffff
0451;Ts51;Bourgbarré (Les Cruaux) <> Saint-Erblon <> Orgères (Collège Récipon);Transport scolaire;;;99;#009fe3;#ffffff
0453;Ts53;Saint-Erblon (Collège Saint-Paul) <> Orgères <> Bourgbarré <> Laillé (Montheleu);Transport scolaire;;;99;#e30613;#ffffff
0455;Ts55;Orgères (Collège Récipon) <> Laillé (Le Cleux);Transport scolaire;;;99;#36742f;#ffffff
0467;Ts67;Saint-Gilles (Haute Fresnais) <> L'Hermitage <> Le Rheu (Collège Brassens);Transport scolaire;;;99;#71bf44;#1a171b
0482;Ts82;Chartres-de-Bretagne (Collège Fontenay) <> Noyal-Châtillon-sur-Seiche (Leuzières);Transport scolaire;;;99;#96bf0d;#ffffff
0803;API;Rennes (République) <> Rennes (Etangs d'Apigné);Spéciale;;;88;#009c99;#ffffff
0810;NAV;Navettes - Evènementiel;Spéciale;;;97;#009c99;#ffffff
0032;32;Rennes (Clos Courtel) <> Rennes (Triangle);Inter-quartiers;0032-A-1660-1465;0032-B-1441-1660;32;#fff164;#e2001a
0051;51;Betton (Champ Devant) <> Rennes (Place Hoche);Métropolitaine;0051-A-2401-1606;0051-B-1606-2401;51;#6f2282;#ffffff
0052;52;La Chapelle-des-Fougeretz (Besneraie) <> Montgermont <> Rennes <> Pacé <> Saint-Gilles (Ile des Bois);Métropolitaine;0052-A-4069-3732;0052-B-3732-4069;52;#00893e;#ffffff
0053;53;Rennes (République) <> Vezin-le-Coquet <> L'Hermitage <> La Chapelle-Thouarault (Ville aux Archers);Métropolitaine;0053-A-1167-4267;0053-B-4267-1167;53;#e4003a;#ffffff
0061;61;Rennes (Henri Fréville) <> Noyal-Châtillon-sur-Seiche <> Saint-Erblon (Parc d'Activités);Métropolitaine;0061-A-1510-4351;0061-B-4351-1510;61;#e4003a;#ffffff
0062;62;Rennes (La Poterie) <> Vern-sur-Seiche (Croix Malinge);Métropolitaine;0062-A-1649-2601;0062-B-2601-1649;62;#004f9e;#ffffff
0067;67;Brécé (Anjou) <> Cesson-Sévigné <> Rennes (République);Métropolitaine;0067-A-4151-1556-2089;0067-B-1556-4151-2065;67;#e4003a;#ffffff
0073;73;Rennes (La Poterie) <> Vern-sur-Seiche <> Saint-Armel <> Corps-Nuds (Corps-Nuds Gare);Métropolitaine;0073-A-1511-4112;0073-B-4101-1511;73;#00893e;#ffffff
0153;153ex;Rennes (République) <> Vezin-le-Coquet <> L'Hermitage <> La Chapelle-Thouarault (Ville aux Archers);Express métropolitaine;0153-A-1167-4267;0153-B-4267-1167;153;#ffdd00;#3d3c3f
0157;157ex;Rennes (République) <> Bruz (Bruz Centre);Express métropolitaine;0157-A-1501-2373;0157-B-2373-1615;157;#ffdd00;#3d3c3f
0200;200;Acigné (Timonière) <> Rennes (Assomption);Complémentaire;;;200;#ba67a6;#ffffff
0201;201;Thorigné-Fouillard (Landelles) <> Rennes (Assomption);Complémentaire;;;201;#e30613;#ffffff
0205;205;Rennes (Lycée St-Exupéry) <> Rennes (Villejean-Université);Complémentaire;;;205;#c0087f;#ffffff
0208;208;Saint-Grégoire (MFR Rabinardières) <> Rennes (Gares);Complémentaire;;;208;#f39200;#ffffff
0215;215;Rennes (Lycée Chateaubriand) <> Rennes (Villejean-Université);Complémentaire;;;215;#fecc00;#1a171b
0217;217;Cesson-Sévigné (Cormier) <> Rennes (Joliot-Curie);Complémentaire;;;217;#4465ad;#ffffff
0242;242;Miniac-sous-Bécherel (Miniac Eglise) <> Bécherel <> La Chapelle-Chaussée <> Romillé (Romillé Collège);Complémentaire;;;242;#f7941d;#1a171b
0405;Ts5;Bruz (Anita Conti) <> Saint-Erblon <> Orgères <> Bourgbarré (Houssais);Transport scolaire;;;99;#ba67a6;#ffffff
0407;Ts7;Bourgbarré (Les Cruaux) <> Saint-Erblon <> Pont-Péan <> Bruz (Aire du 8 Mai);Transport scolaire;;;99;#4465ad;#ffffff
0433;Ts33;Le Rheu (Lycée Monod) <> Mordelles (Collège St-Yves);Transport scolaire;;;99;#ba67a6;#ffffff
0441;Ts41;La Chapelle-des-Fougeretz (Bersandières) <> Montgermont <> Pacé (Collèges de Pacé);Transport scolaire;;;99;#f39200;#ffffff
0466;Ts66;Saint-Gilles (Ile des Bois) <> L'Hermitage <> Le Rheu (Collège Brassens);Transport scolaire;;;99;#009fe3;#ffffff
0806;BDS;Bus de Stade - Rennes (Stade Rennais) <> Communes;Spéciale;;;245;#009c99;#ffffff
0003;C3;Rennes (Saint-Laurent) <> Rennes (Henri Fréville);Chronostar;0003-A-1103-1509;0003-B-1509-1103;3;#00893e;#ffffff
0005;C5;Rennes (Patton) <> Rennes (Lycée Bréquigny);Chronostar;0005-A-1252-1269;0005-B-1269-1252;5;#f39200;#1a171b
0009;9;Rennes (Saint-Laurent) <> Rennes (Cleunay);Urbaine;0009-A-1372-1390;0009-B-1390-1372;9;#004f9e;#ffffff
0035;35;Cesson-Sévigné (Champs Blancs) <> Cesson-Sévigné (Cesson Gare);Inter-quartiers;0035-A-2126-2057;0035-B-2065-2127;35;#fff164;#e2001a
0054;54;Rennes (Charles de Gaulle) <> Le Rheu <> Cintré (Chêne Vert);Métropolitaine;0054-A-1567-4652;0054-B-4652-1567;54;#ba65a5;#ffffff
0065;65;Rennes (Villejean-Université) <> Pacé <> Parthenay-de-Bretagne (Parthenay Fontaine);Métropolitaine;0065-A-1519-3617;0065-B-3617-1519;65;#ba65a5;#ffffff
0074;74;Rennes (Henri Fréville) <> Orgères <> Bourgbarré (Centre de Loisirs);Métropolitaine;0074-A-1510-3801;0074-B-3801-1510;74;#f39200;#1a171b
0078;78;Betton (Betton Centre) <> Saint-Grégoire <> Rennes (Villejean-Université);Métropolitaine;0078-A-2437-1494;0078-B-1494-2437;78;#e4003a;#ffffff
0122;N2;Rennes (Gayeulles) <> Rennes (La Poterie);STAR de Nuit;0122-A-1108-1065;0122-B-1065-1108;122;#f39200;#1a171b
0164;164ex;Acigné (Timonière) <> Rennes (République);Express métropolitaine;0164-A-4001-1167;0164-B-1167-4001;164;#ffdd00;#3d3c3f
0173;173ex;Rennes (La Poterie) <> Saint-Armel <> Corps-Nuds (Corps-Nuds Gare);Express métropolitaine;0173-A-1511-4112;0173-B-4101-1511;173;#ffdd00;#3d3c3f
0204;204;Saint-Grégoire (Champ Daguet) <> Rennes (Assomption);Complémentaire;;;204;#94c11f;#ffffff
0220;220;Acigné (Timonière) <> Cesson-Sévigné (Chalotais);Complémentaire;;;220;#009fe3;#ffffff
0222;222;Chevaigné (Pommiers) <> Betton (Champ Devant);Complémentaire;;;222;#fecc00;#1a171b
0226;226;Gévezé (Cheval Blanc) <> La Chapelle-des-Fougeretz <> Montgermont <> Pacé (Collèges de Pacé);Complémentaire;;;226;#4465ad;#ffffff
0230;230;Chartres (Vieux Bourg) <> Bruz (Aire du 8 Mai);Complémentaire;;;230;#009881;#ffffff
0233;233;Bourgbarré (Centre de Loisirs) <> Orgères <> Saint-Erblon (Collège Saint-Paul);Complémentaire;;;233;#4465ad;#ffffff
0403;Ts3;Noyal-Châtillon-sur-Seiche (Boisardière) <> Bruz (Aire du 8 Mai);Transport scolaire;;;99;#5dc4e1;#ffffff
0411;Ts11;Bruz (Aire du 8 Mai) <> Laillé (Château d'Eau);Transport scolaire;;;99;#e30613;#ffffff
0461;Ts61;Cesson-Sévigné (Cesson Piscine) <> Cesson-Sévigné (Prieuré Forge);Transport scolaire;;;99;#e30613;#ffffff
0470;RPI-1;La Chapelle-Chaussée (Chapelle-Chaussée) <> Bécherel (Bécherel Ecole);Transport scolaire;;;;#6f2b91;#ffffff
0481;Ts81;Chartres-de-Bretagne (Collège Fontenay) <> Noyal-Châtillon-sur-Seiche (Couasmes);Transport scolaire;;;99;#009ee0;#ffffff
0491;Ts91;Rennes (Collège Rosa Parks) <> Vezin-le-Coquet (Vallée);Transport scolaire;;;99;#b269ab;#ffffff
0801;REL-A;Rennes (J.F. Kennedy) <> Rennes (La Poterie);Spéciale;0801-A-1412-1065;0801-B-1065-1412;250;#ffff00;#1a171b
